model,features,fold,log_rmse,mae_usd,epochs
Ridge,raw,1,0.12748954789711514,16286.135810928425,
Ridge,raw,2,0.20406536925625768,21814.988280681362,
Ridge,raw,3,0.11891817329457725,16849.326083759213,
Ridge,area,1,0.12744725530807904,16276.578326965118,
Ridge,area,2,0.20535081372587494,22022.06852527481,
Ridge,area,3,0.11875668372156713,16821.853188169807,
Ridge,area_age_bath,1,0.12748078371064717,16271.048481294776,
Ridge,area_age_bath,2,0.20530178786473638,22014.421516031296,
Ridge,area_age_bath,3,0.11898703623382745,16867.44479389157,
Ridge,all,1,0.12641302314796113,16208.013121498108,
Ridge,all,2,0.2130324466595856,23358.978162219973,
Ridge,all,3,0.1173470881850666,16647.994874894208,
HistGradientBoosting,raw,1,0.1314160644508095,16491.972045682567,
HistGradientBoosting,raw,2,0.16149399477272397,17981.333524052785,
HistGradientBoosting,raw,3,0.12195292121586064,16205.924253883506,
HistGradientBoosting,area,1,0.12927821346763063,15990.098975556002,
HistGradientBoosting,area,2,0.15650160199261667,17497.197468477367,
HistGradientBoosting,area,3,0.11770488912935216,15854.580923815634,
HistGradientBoosting,area_age_bath,1,0.1302464021626223,16615.188436595414,
HistGradientBoosting,area_age_bath,2,0.15634861694337157,17229.03908473613,
HistGradientBoosting,area_age_bath,3,0.11853642466602388,15914.983791562598,
HistGradientBoosting,all,1,0.12669321874069314,15886.1059093412,
HistGradientBoosting,all,2,0.15787770943493193,18018.690855953908,
HistGradientBoosting,all,3,0.12105236986724827,16278.017596534613,
PyTorch MLP,raw,1,0.13026156819572257,16157.507512019227,53.0
PyTorch MLP,raw,2,0.18454332094934522,18742.025606523137,17.0
PyTorch MLP,raw,3,0.1374275760868767,18524.065191195365,3.0
PyTorch MLP,all,1,0.12724018571329954,15761.145132211528,42.0
PyTorch MLP,all,2,0.18723438609056126,19340.17441556877,9.0
PyTorch MLP,all,3,0.18144362795238564,24444.97489556554,1.0
