model,features,log_rmse_mean,log_rmse_std,mae_usd_mean
HistGradientBoosting,area,0.13449490152986648,0.01991749502328679,16447.292455949668
HistGradientBoosting,area_age_bath,0.13504381459067258,0.019357216889532097,16586.403770964713
HistGradientBoosting,all,0.1352077660142911,0.019834302231854613,16727.604787276574
HistGradientBoosting,raw,0.1382876601464647,0.0206467490191732,16893.076607872954
Ridge,raw,0.1501576968159833,0.04688171260299919,18316.816725123
Ridge,area,0.15051825091850696,0.04768478758097864,18373.500013469915
Ridge,area_age_bath,0.15058986926973697,0.047571855795305956,18384.30493040588
PyTorch MLP,raw,0.1507441566132747,0.02948941023474399,17807.865874825595
Ridge,all,0.15226418599753777,0.05282171828051245,18738.328719537443
PyTorch MLP,all,0.16530606654932575,0.03309292322581687,19848.765374951243
